INSERT INTO categoria (nome) values ('Vestido');
INSERT INTO categoria (nome) values ('Lazer');
INSERT INTO categoria (nome) values ('Alimentação');
INSERT INTO categoria (nome) values ('Supermercado');
INSERT INTO categoria (nome) values ('Farmácia');
INSERT INTO categoria (nome) values ('Transporte');
INSERT INTO categoria (nome) values ('Moradia');
INSERT INTO categoria (nome) values ('Automóvel');
INSERT INTO categoria (nome) values ('Vestuário');

-- INSERIR PESSOAS
INSERT INTO pessoa (nome, logradouro, numero, complemento, bairro, cep, cidade, estado, ativo) values ('João Silva', 'Rua do Abacaxi', '10', null, 'Brasil', '38.400-121', 'Uberlândia', 'MG', true);
INSERT INTO pessoa (nome, logradouro, numero, complemento, bairro, cep, cidade, estado, ativo) values ('Maria Rita', 'Rua do Sabiá', '110', 'Apto 101', 'Colina', '11.400-121', 'Ribeirão Preto', 'SP', true);
INSERT INTO pessoa (nome, logradouro, numero, complemento, bairro, cep, cidade, estado, ativo) values ('Pedro Santos', 'Rua da Bateria', '23', null, 'Morumbi', '54.212-121', 'Goiânia', 'GO', true);
INSERT INTO pessoa (nome, logradouro, numero, complemento, bairro, cep, cidade, estado, ativo) values ('Ricardo Pereira', 'Rua do Motorista', '123', 'Apto 302', 'Aparecida', '38.400-121', 'Salvador', 'BA', true);
INSERT INTO pessoa (nome, logradouro, numero, complemento, bairro, cep, cidade, estado, ativo) values ('Josué Mariano', 'Av Rio Branco', '321', null, 'Jardins', '56.400-121', 'Natal', 'RN', true);
INSERT INTO pessoa (nome, logradouro, numero, complemento, bairro, cep, cidade, estado, ativo) values ('Pedro Barbosa', 'Av Brasil', '100', null, 'Tubalina', '77.400-121', 'Porto Alegre', 'RS', true);
INSERT INTO pessoa (nome, logradouro, numero, complemento, bairro, cep, cidade, estado, ativo) values ('Henrique Medeiros', 'Rua do Sapo', '1120', 'Apto 201', 'Centro', '12.400-121', 'Rio de Janeiro', 'RJ', true);
INSERT INTO pessoa (nome, logradouro, numero, complemento, bairro, cep, cidade, estado, ativo) values ('Carlos Santana', 'Rua da Manga', '433', null, 'Centro', '31.400-121', 'Belo Horizonte', 'MG', true);
INSERT INTO pessoa (nome, logradouro, numero, complemento, bairro, cep, cidade, estado, ativo) values ('Leonardo Oliveira', 'Rua do Músico', '566', null, 'Segismundo Pereira', '38.400-001', 'Uberlândia', 'MG', true);
INSERT INTO pessoa (nome, logradouro, numero, complemento, bairro, cep, cidade, estado, ativo) values ('Isabela Martins', 'Rua da Terra', '1233', 'Apto 10', 'Vigilato', '99.400-121', 'Manaus', 'AM', true);

-- INSERIR LANCAMENTOS

INSERT INTO lancamento (descricao, data_vencimento, data_pagamento, valor, observacao, tipo, codigo_categoria, codigo_pessoa) values ('Salário mensal', '2019-01-10', null, 6500.00, 'Distribuição de lucros', 'RECEITA', 1, 1);
INSERT INTO lancamento (descricao, data_vencimento, data_pagamento, valor, observacao, tipo, codigo_categoria, codigo_pessoa) values ('Bahamas', '2019-02-10', '2019-02-10', 100.32, null, 'DESPESA', 2, 2);
INSERT INTO lancamento (descricao, data_vencimento, data_pagamento, valor, observacao, tipo, codigo_categoria, codigo_pessoa) values ('Top Club', '2019-01-10', null, 120, null, 'RECEITA', 3, 3);
INSERT INTO lancamento (descricao, data_vencimento, data_pagamento, valor, observacao, tipo, codigo_categoria, codigo_pessoa) values ('CEMIG', '2019-02-10', '2019-02-10', 110.44, 'Geração', 'RECEITA', 3, 4);
INSERT INTO lancamento (descricao, data_vencimento, data_pagamento, valor, observacao, tipo, codigo_categoria, codigo_pessoa) values ('DMAE', '2019-01-10', null, 200.30, null, 'DESPESA', 3, 5);
INSERT INTO lancamento (descricao, data_vencimento, data_pagamento, valor, observacao, tipo, codigo_categoria, codigo_pessoa) values ('Extra', '2019-03-10', '2019-03-10', 1010.32, null, 'RECEITA', 4, 6);
INSERT INTO lancamento (descricao, data_vencimento, data_pagamento, valor, observacao, tipo, codigo_categoria, codigo_pessoa) values ('Bahamas', '2019-01-10', null, 500, null, 'RECEITA', 1, 7);
INSERT INTO lancamento (descricao, data_vencimento, data_pagamento, valor, observacao, tipo, codigo_categoria, codigo_pessoa) values ('Top Club', '2019-03-10', '2019-03-10', 400.32, null, 'DESPESA', 4, 8);
INSERT INTO lancamento (descricao, data_vencimento, data_pagamento, valor, observacao, tipo, codigo_categoria, codigo_pessoa) values ('Despachante', '2019-01-10', null, 123.64, 'Multas', 'DESPESA', 3, 9);
INSERT INTO lancamento (descricao, data_vencimento, data_pagamento, valor, observacao, tipo, codigo_categoria, codigo_pessoa) values ('Pneus', '2019-04-10', '2019-04-10', 665.33, null, 'RECEITA', 5, 10);
INSERT INTO lancamento (descricao, data_vencimento, data_pagamento, valor, observacao, tipo, codigo_categoria, codigo_pessoa) values ('Café', '2019-01-10', null, 8.32, null, 'DESPESA', 1, 5);
INSERT INTO lancamento (descricao, data_vencimento, data_pagamento, valor, observacao, tipo, codigo_categoria, codigo_pessoa) values ('Eletrônicos', '2019-04-10', '2019-04-10', 2100.32, null, 'DESPESA', 5, 4);
INSERT INTO lancamento (descricao, data_vencimento, data_pagamento, valor, observacao, tipo, codigo_categoria, codigo_pessoa) values ('Instrumentos', '2019-01-10', null, 1040.32, null, 'DESPESA', 4, 3);
INSERT INTO lancamento (descricao, data_vencimento, data_pagamento, valor, observacao, tipo, codigo_categoria, codigo_pessoa) values ('Café', '2019-04-10', '2019-04-10', 4.32, null, 'DESPESA', 4, 2);
INSERT INTO lancamento (descricao, data_vencimento, data_pagamento, valor, observacao, tipo, codigo_categoria, codigo_pessoa) values ('Lanche', '2019-01-10', null, 10.20, null, 'DESPESA', 4, 1);

-- INSERIR USUARIO E PERMISSOES
INSERT INTO usuario (codigo, nome, email, senha) values (1, 'Administrador', 'admin', '$2a$10$K5l5eMLRAJdiuKflgzkpheYk4u6J.RyBECpAUJZmlT4xe.OO65PKe');
INSERT INTO usuario (codigo, nome, email, senha) values (2, 'Maria Silva', 'maria', '$2a$10$K5l5eMLRAJdiuKflgzkpheYk4u6J.RyBECpAUJZmlT4xe.OO65PKe');

INSERT INTO permissao (codigo, descricao) values (1, 'ROLE_CADASTRAR_CATEGORIA');
INSERT INTO permissao (codigo, descricao) values (2, 'ROLE_PESQUISAR_CATEGORIA');

INSERT INTO permissao (codigo, descricao) values (3, 'ROLE_CADASTRAR_PESSOA');
INSERT INTO permissao (codigo, descricao) values (4, 'ROLE_REMOVER_PESSOA');
INSERT INTO permissao (codigo, descricao) values (5, 'ROLE_PESQUISAR_PESSOA');

INSERT INTO permissao (codigo, descricao) values (6, 'ROLE_CADASTRAR_LANCAMENTO');
INSERT INTO permissao (codigo, descricao) values (7, 'ROLE_REMOVER_LANCAMENTO');
INSERT INTO permissao (codigo, descricao) values (8, 'ROLE_PESQUISAR_LANCAMENTO');

-- admin
INSERT INTO usuario_permissao (codigo_usuario, codigo_permissao) values (1, 1);
INSERT INTO usuario_permissao (codigo_usuario, codigo_permissao) values (1, 2);
INSERT INTO usuario_permissao (codigo_usuario, codigo_permissao) values (1, 3);
INSERT INTO usuario_permissao (codigo_usuario, codigo_permissao) values (1, 4);
INSERT INTO usuario_permissao (codigo_usuario, codigo_permissao) values (1, 5);
INSERT INTO usuario_permissao (codigo_usuario, codigo_permissao) values (1, 6);
INSERT INTO usuario_permissao (codigo_usuario, codigo_permissao) values (1, 7);
INSERT INTO usuario_permissao (codigo_usuario, codigo_permissao) values (1, 8);

-- maria
INSERT INTO usuario_permissao (codigo_usuario, codigo_permissao) values (2, 2);
INSERT INTO usuario_permissao (codigo_usuario, codigo_permissao) values (2, 5);
INSERT INTO usuario_permissao (codigo_usuario, codigo_permissao) values (2, 8);